date,sender_id,message
2024-12-05 02:36:07+00:00,,"BANKNIFTY NIFTY CALLS 
Â               ðŸ‘‡ðŸ‘‡
t.me/+rfWYBJEZoN0yMWZl


Free Intraday Trading CallsÂ Â Â  
Â Â Â Â Â Â Â Â Â Â Â Â Â Â Â Â Â Â Â Â  ðŸ‘‡ðŸ‘‡
t.me/+rfWYBJEZoN0yMWZl


SHARE MARKET TIPS 
               ðŸ‘‡ðŸ‘‡
t.me/+rfWYBJEZoN0yMWZl"
2024-12-05 02:36:07+00:00,,"BANKNIFTY JACKPOT CALLS 
Â Â Â Â Â Â Â Â Â Â Â Â Â Â Â Â Â  ðŸ‘‡ðŸ‘‡

t.me/+rfWYBJEZoN0yMWZl
t.me/+rfWYBJEZoN0yMWZl
t.me/+rfWYBJEZoN0yMWZl
t.me/+rfWYBJEZoN0yMWZl
t.me/+rfWYBJEZoN0yMWZl

Free Intraday Trading CallsÂ Â Â  
Â Â Â Â Â Â Â Â Â Â Â Â Â Â Â Â ðŸ‘‡ðŸ‘‡

t.me/+rfWYBJEZoN0yMWZl
t.me/+rfWYBJEZoN0yMWZl
t.me/+rfWYBJEZoN0yMWZl
t.me/+rfWYBJEZoN0yMWZl

SHARE MARKET FREE TIPS ðŸ‘‡

t.me/+rfWYBJEZoN0yMWZl
t.me/+rfWYBJEZoN0yMWZl
t.me/+rfWYBJEZoN0yMWZl
t.me/+rfWYBJEZoN0yMWZl
t.me/+rfWYBJEZoN0yMWZl"
2024-12-04 06:13:20+00:00,,"BANKNIFTY NIFTY CALLS 
Â               ðŸ‘‡ðŸ‘‡
t.me/+rfWYBJEZoN0yMWZl


Free Intraday Trading CallsÂ Â Â  
Â Â Â Â Â Â Â Â Â Â Â Â Â Â Â Â Â Â Â Â  ðŸ‘‡ðŸ‘‡
t.me/+rfWYBJEZoN0yMWZl


SHARE MARKET TIPS 
               ðŸ‘‡ðŸ‘‡
t.me/+rfWYBJEZoN0yMWZl"
2024-12-04 06:13:20+00:00,,"BANKNIFTY JACKPOT CALLS 
Â Â Â Â Â Â Â Â Â Â Â Â Â Â Â Â Â  ðŸ‘‡ðŸ‘‡

t.me/+rfWYBJEZoN0yMWZl
t.me/+rfWYBJEZoN0yMWZl
t.me/+rfWYBJEZoN0yMWZl
t.me/+rfWYBJEZoN0yMWZl
t.me/+rfWYBJEZoN0yMWZl

Free Intraday Trading CallsÂ Â Â  
Â Â Â Â Â Â Â Â Â Â Â Â Â Â Â Â ðŸ‘‡ðŸ‘‡

t.me/+rfWYBJEZoN0yMWZl
t.me/+rfWYBJEZoN0yMWZl
t.me/+rfWYBJEZoN0yMWZl
t.me/+rfWYBJEZoN0yMWZl

SHARE MARKET FREE TIPS ðŸ‘‡

t.me/+rfWYBJEZoN0yMWZl
t.me/+rfWYBJEZoN0yMWZl
t.me/+rfWYBJEZoN0yMWZl
t.me/+rfWYBJEZoN0yMWZl
t.me/+rfWYBJEZoN0yMWZl"
2024-12-04 06:13:13+00:00,,"#CNBCTV18Market | Adani Energy in focus

s suggest co is likely to be selected as a preferred bidder for projects worth â‚¹25,000 crore. Order is likely for 6 GW high-voltage terminal stations at Bhadla, Rajasthan & Fatehpur in UP"
2024-12-04 06:13:13+00:00,,"#OnCNBCTV18 | Received orders worth more than â‚¹3,000 cr for international defence clients. Rev from defence vertical to be â‚¹1,500 cr this yr, can touch â‚¹2,000 cr in FY26

Expect 15% volume growth in explosives & 25-30% revenue growth in FY25

Shalinee Mandhana, Solar Ind toâ€¦"
2024-12-04 06:13:13+00:00,,"#CNBCTV18Market | Market opens in the green. #Sensex starts Wednesday session above 81,000 & #Nifty around 24,500"
2024-12-04 06:13:13+00:00,,STEELMAN TELECOM: CO WINS ORDER WOH 147 CR RUPEES || CO MCAP 125 CR
2024-12-04 06:13:13+00:00,,L&T Tech Services secures $50 million seal as a strategic partner from a global Network Provider
2024-11-26 08:27:57+00:00,,"BANKNIFTY NIFTY CALLS 
Â               ðŸ‘‡ðŸ‘‡
t.me/+rfWYBJEZoN0yMWZl


Free Intraday Trading CallsÂ Â Â  
Â Â Â Â Â Â Â Â Â Â Â Â Â Â Â Â Â Â Â Â  ðŸ‘‡ðŸ‘‡
t.me/+rfWYBJEZoN0yMWZl


SHARE MARKET TIPS 
               ðŸ‘‡ðŸ‘‡
t.me/+rfWYBJEZoN0yMWZl"
2024-11-26 08:27:56+00:00,,"BANKNIFTY JACKPOT CALLS 
Â Â Â Â Â Â Â Â Â Â Â Â Â Â Â Â Â  ðŸ‘‡ðŸ‘‡

t.me/+rfWYBJEZoN0yMWZl
t.me/+rfWYBJEZoN0yMWZl
t.me/+rfWYBJEZoN0yMWZl
t.me/+rfWYBJEZoN0yMWZl
t.me/+rfWYBJEZoN0yMWZl

Free Intraday Trading CallsÂ Â Â  
Â Â Â Â Â Â Â Â Â Â Â Â Â Â Â Â ðŸ‘‡ðŸ‘‡

t.me/+rfWYBJEZoN0yMWZl
t.me/+rfWYBJEZoN0yMWZl
t.me/+rfWYBJEZoN0yMWZl
t.me/+rfWYBJEZoN0yMWZl

SHARE MARKET FREE TIPS ðŸ‘‡

t.me/+rfWYBJEZoN0yMWZl
t.me/+rfWYBJEZoN0yMWZl
t.me/+rfWYBJEZoN0yMWZl
t.me/+rfWYBJEZoN0yMWZl
t.me/+rfWYBJEZoN0yMWZl"
2024-11-17 09:12:32+00:00,,"BANKNIFTY NIFTY CALLS 
Â               ðŸ‘‡ðŸ‘‡
t.me/+rfWYBJEZoN0yMWZl


Free Intraday Trading CallsÂ Â Â  
Â Â Â Â Â Â Â Â Â Â Â Â Â Â Â Â Â Â Â Â  ðŸ‘‡ðŸ‘‡
t.me/+rfWYBJEZoN0yMWZl


SHARE MARKET TIPS 
               ðŸ‘‡ðŸ‘‡
t.me/+rfWYBJEZoN0yMWZl"
2024-11-17 09:12:32+00:00,,"BANKNIFTY JACKPOT CALLS 
Â Â Â Â Â Â Â Â Â Â Â Â Â Â Â Â Â  ðŸ‘‡ðŸ‘‡

t.me/+rfWYBJEZoN0yMWZl
t.me/+rfWYBJEZoN0yMWZl
t.me/+rfWYBJEZoN0yMWZl
t.me/+rfWYBJEZoN0yMWZl
t.me/+rfWYBJEZoN0yMWZl

Free Intraday Trading CallsÂ Â Â  
Â Â Â Â Â Â Â Â Â Â Â Â Â Â Â Â ðŸ‘‡ðŸ‘‡

t.me/+rfWYBJEZoN0yMWZl
t.me/+rfWYBJEZoN0yMWZl
t.me/+rfWYBJEZoN0yMWZl
t.me/+rfWYBJEZoN0yMWZl

SHARE MARKET FREE TIPS ðŸ‘‡

t.me/+rfWYBJEZoN0yMWZl
t.me/+rfWYBJEZoN0yMWZl
t.me/+rfWYBJEZoN0yMWZl
t.me/+rfWYBJEZoN0yMWZl
t.me/+rfWYBJEZoN0yMWZl"
2024-11-17 09:12:23+00:00,,"ANUPAM RASAYAN Q2 :CONS NET PROFIT DOWN 59 % AT 16.6 CR (YOY), UP 326% (QOQ)

REVENUE DOWN 25 % AT  293 CR  (YOY) ,UP 15 % (QOQ)

EBITDA DOWN 26 % AT 79.7 CR (YOY),UP 50 %(QOQ) 

MARGINS AT 27.17 % V 27.4  % (YOY), 20.86 % (QOQ)"
2024-11-17 09:12:23+00:00,,"FundFlow| #FIIs net sell â‚¹1,849.87 crore while #DIIs net buy â‚¹2,481.81 crore in equities today (provisional)"
2024-11-17 09:12:23+00:00,,"KRBL Q2 Result 

NET PROFIT AT 103 CR V 153 CR YOY

REVENUE AT 1270 CR V 1210 CR

EBITDA AT 120 CR V 194 CR YOY

MARGINS AT 9.6 % V 16 %"
2024-11-11 18:55:52+00:00,,"BANKNIFTY NIFTY CALLS 
Â               ðŸ‘‡ðŸ‘‡
t.me/+rfWYBJEZoN0yMWZl


Free Intraday Trading CallsÂ Â Â  
Â Â Â Â Â Â Â Â Â Â Â Â Â Â Â Â Â Â Â Â  ðŸ‘‡ðŸ‘‡
t.me/+rfWYBJEZoN0yMWZl


SHARE MARKET TIPS 
               ðŸ‘‡ðŸ‘‡
t.me/+rfWYBJEZoN0yMWZl"
2024-11-11 18:55:52+00:00,,"BANKNIFTY JACKPOT CALLS 
Â Â Â Â Â Â Â Â Â Â Â Â Â Â Â Â Â  ðŸ‘‡ðŸ‘‡

t.me/+rfWYBJEZoN0yMWZl
t.me/+rfWYBJEZoN0yMWZl
t.me/+rfWYBJEZoN0yMWZl
t.me/+rfWYBJEZoN0yMWZl
t.me/+rfWYBJEZoN0yMWZl

Free Intraday Trading CallsÂ Â Â  
Â Â Â Â Â Â Â Â Â Â Â Â Â Â Â Â ðŸ‘‡ðŸ‘‡

t.me/+rfWYBJEZoN0yMWZl
t.me/+rfWYBJEZoN0yMWZl
t.me/+rfWYBJEZoN0yMWZl
t.me/+rfWYBJEZoN0yMWZl

SHARE MARKET FREE TIPS ðŸ‘‡

t.me/+rfWYBJEZoN0yMWZl
t.me/+rfWYBJEZoN0yMWZl
t.me/+rfWYBJEZoN0yMWZl
t.me/+rfWYBJEZoN0yMWZl
t.me/+rfWYBJEZoN0yMWZl"
2024-11-10 06:04:39+00:00,,HERO MOTOCORP VS BAJAJ AUTO
2024-11-10 06:04:39+00:00,,"Lot of celebrities are there in Pre IPO round of Swiggy.

But till now there is no buzz due to low GMP."
2024-11-10 06:04:39+00:00,,INDIAN STATES AND THEIR FAMOUS SWEETS
2024-10-24 04:19:41+00:00,,"#2QWithCNBCTV18 | AU Small Finance Bank reports #Q2 earnings

Net Profit At â‚¹571.2 Cr VsCNBC-TV18 Poll Of â‚¹507.8 Cr

NII At â‚¹1,974.3 Cr Vs CNBC-TV18 Poll Of â‚¹1,967 Cr

Net Profit (GU)13.7% At â‚¹571.2 Cr Vs â‚¹502.2 Cr (QoQ)

NII (GU)2.8% At â‚¹1,974.3 Cr Vs â‚¹1,920.2 Cr (QoQ)"
2024-10-24 04:19:40+00:00,,"US STOCK MARKETS TODAY

S&P 500 opens 0.33% down, Nasdaq falls 0.42%."
2024-10-24 04:19:40+00:00,,"FESTIVE SPIKE

Swiggy follows Zomato, hikes platform fees to Rs 10."
2024-10-02 09:51:38+00:00,,"Hyundai IPO GMP Crash Continues

Latest GMP 330

New Low"
2024-10-02 09:51:37+00:00,,"GST collection during September 2024.

Maharashtra - 26,369 crore
Karnataka - 12,642 crore
Tamil Nadu - 11,024 crore
Gujarat - 10,153 crore
Haryana - 9,957 crore
Uttar Pradesh - 8,057 crore
Delhi - 5,838 crore
Telangana - 5,267 crore
West Bengal - 5,167 crore
Odisha - 4,596 crore
Rajasthan - 3,929 crore
Andhra Pradesh - 3,506 crore
Kerala - 2,675 crore
Jharkhand - 2,653 crore
Madhya Pradesh - 2,605 crore
Punjab - 1,933 crore
Uttarakhand - 1,582 crore
Bihar - 1,497 crore
Assam - 1,287 crore
Himachal Pradesh - 856 crore
Jammu and Kashmir - 599 crore
Goa - 519 crore
Sikkim - 324 crore
Meghalaya - 153 crore
Arunachal Pradesh - 92 crore
Tripura - 79 crore
Nagaland - 49 crore
Ladakh - 44 crore
Manipur - 38 crore
Mizoram - 26 crore"
2024-10-02 09:51:37+00:00,,Types of EV STOCKS
2024-10-02 09:51:37+00:00,,"#BreakingNews ðŸš¨ | GST collections rise 6.5% YoY to Rs 1.73 lakh crore in September ðŸ’°ðŸ“ˆ

Find out more"
2024-09-16 07:19:45+00:00,,"BTST HERO ZERO CALLS 
Â Â Â Â Â Â Â Â Â Â Â Â Â Â  ðŸ‘‡ðŸ‘‡
t.me/+rfWYBJEZoN0yMWZl


Free Intraday Trading CallsÂ Â Â  
Â Â Â Â Â Â Â Â Â Â Â Â Â Â Â Â Â Â Â Â  ðŸ‘‡ðŸ‘‡
t.me/+rfWYBJEZoN0yMWZl


SHARE MARKET TIPS 
Â Â Â Â Â Â Â Â Â Â Â Â Â Â  ðŸ‘‡ðŸ‘‡
t.me/+rfWYBJEZoN0yMWZl"
2024-09-16 07:19:45+00:00,,"BANKNIFTY JACKPOT CALLS 
Â Â Â Â Â Â Â Â Â Â Â Â Â Â Â Â Â  ðŸ‘‡ðŸ‘‡

t.me/+rfWYBJEZoN0yMWZl
t.me/+rfWYBJEZoN0yMWZl
t.me/+rfWYBJEZoN0yMWZl
t.me/+rfWYBJEZoN0yMWZl
t.me/+rfWYBJEZoN0yMWZl

Free Intraday Trading CallsÂ Â Â  
Â Â Â Â Â Â Â Â Â Â Â Â Â Â Â Â ðŸ‘‡ðŸ‘‡

t.me/+rfWYBJEZoN0yMWZl
t.me/+rfWYBJEZoN0yMWZl
t.me/+rfWYBJEZoN0yMWZl
t.me/+rfWYBJEZoN0yMWZl

SHARE MARKET FREE TIPS ðŸ‘‡

t.me/+rfWYBJEZoN0yMWZl
t.me/+rfWYBJEZoN0yMWZl
t.me/+rfWYBJEZoN0yMWZl
t.me/+rfWYBJEZoN0yMWZl
t.me/+rfWYBJEZoN0yMWZl"
2024-09-11 14:02:01+00:00,,"BANKNIFTY NIFTY CALLS 
Â               ðŸ‘‡ðŸ‘‡
t.me/+rfWYBJEZoN0yMWZl


Free Intraday Trading CallsÂ Â Â  
Â Â Â Â Â Â Â Â Â Â Â Â Â Â Â Â Â Â Â Â  ðŸ‘‡ðŸ‘‡
t.me/+rfWYBJEZoN0yMWZl


SHARE MARKET TIPS 
               ðŸ‘‡ðŸ‘‡
t.me/+rfWYBJEZoN0yMWZl"
2024-09-11 14:02:01+00:00,,"BANKNIFTY JACKPOT CALLS 
Â Â Â Â Â Â Â Â Â Â Â Â Â Â Â Â Â  ðŸ‘‡ðŸ‘‡

t.me/+rfWYBJEZoN0yMWZl
t.me/+rfWYBJEZoN0yMWZl
t.me/+rfWYBJEZoN0yMWZl
t.me/+rfWYBJEZoN0yMWZl
t.me/+rfWYBJEZoN0yMWZl

Free Intraday Trading CallsÂ Â Â  
Â Â Â Â Â Â Â Â Â Â Â Â Â Â Â Â ðŸ‘‡ðŸ‘‡

t.me/+rfWYBJEZoN0yMWZl
t.me/+rfWYBJEZoN0yMWZl
t.me/+rfWYBJEZoN0yMWZl
t.me/+rfWYBJEZoN0yMWZl

SHARE MARKET FREE TIPS ðŸ‘‡

t.me/+rfWYBJEZoN0yMWZl
t.me/+rfWYBJEZoN0yMWZl
t.me/+rfWYBJEZoN0yMWZl
t.me/+rfWYBJEZoN0yMWZl
t.me/+rfWYBJEZoN0yMWZl"
2024-08-29 10:00:53+00:00,,"BANKNIFTY NIFTY CALLS 
Â               ðŸ‘‡ðŸ‘‡
t.me/+rfWYBJEZoN0yMWZl


Free Intraday Trading CallsÂ Â Â  
Â Â Â Â Â Â Â Â Â Â Â Â Â Â Â Â Â Â Â Â  ðŸ‘‡ðŸ‘‡
t.me/+rfWYBJEZoN0yMWZl


SHARE MARKET TIPS 
               ðŸ‘‡ðŸ‘‡
t.me/+rfWYBJEZoN0yMWZl"
2024-08-29 10:00:48+00:00,,"BANKNIFTY JACKPOT CALLS 
Â Â Â Â Â Â Â Â Â Â Â Â Â Â Â Â Â  ðŸ‘‡ðŸ‘‡

t.me/+rfWYBJEZoN0yMWZl
t.me/+rfWYBJEZoN0yMWZl
t.me/+rfWYBJEZoN0yMWZl
t.me/+rfWYBJEZoN0yMWZl
t.me/+rfWYBJEZoN0yMWZl

Free Intraday Trading CallsÂ Â Â  
Â Â Â Â Â Â Â Â Â Â Â Â Â Â Â Â ðŸ‘‡ðŸ‘‡

t.me/+rfWYBJEZoN0yMWZl
t.me/+rfWYBJEZoN0yMWZl
t.me/+rfWYBJEZoN0yMWZl
t.me/+rfWYBJEZoN0yMWZl

SHARE MARKET FREE TIPS ðŸ‘‡

t.me/+rfWYBJEZoN0yMWZl
t.me/+rfWYBJEZoN0yMWZl
t.me/+rfWYBJEZoN0yMWZl
t.me/+rfWYBJEZoN0yMWZl
t.me/+rfWYBJEZoN0yMWZl"
2024-08-29 10:00:47+00:00,,"BANKNIFTY NIFTY CALLS 
Â               ðŸ‘‡ðŸ‘‡
t.me/+rfWYBJEZoN0yMWZl


Free Intraday Trading CallsÂ Â Â  
Â Â Â Â Â Â Â Â Â Â Â Â Â Â Â Â Â Â Â Â  ðŸ‘‡ðŸ‘‡
t.me/+rfWYBJEZoN0yMWZl


SHARE MARKET TIPS 
               ðŸ‘‡ðŸ‘‡
t.me/+rfWYBJEZoN0yMWZl"
2024-08-29 10:00:46+00:00,,"BANKNIFTY JACKPOT CALLS 
Â Â Â Â Â Â Â Â Â Â Â Â Â Â Â Â Â  ðŸ‘‡ðŸ‘‡

t.me/+rfWYBJEZoN0yMWZl
t.me/+rfWYBJEZoN0yMWZl
t.me/+rfWYBJEZoN0yMWZl
t.me/+rfWYBJEZoN0yMWZl
t.me/+rfWYBJEZoN0yMWZl

Free Intraday Trading CallsÂ Â Â  
Â Â Â Â Â Â Â Â Â Â Â Â Â Â Â Â ðŸ‘‡ðŸ‘‡

t.me/+rfWYBJEZoN0yMWZl
t.me/+rfWYBJEZoN0yMWZl
t.me/+rfWYBJEZoN0yMWZl
t.me/+rfWYBJEZoN0yMWZl

SHARE MARKET FREE TIPS ðŸ‘‡

t.me/+rfWYBJEZoN0yMWZl
t.me/+rfWYBJEZoN0yMWZl
t.me/+rfWYBJEZoN0yMWZl
t.me/+rfWYBJEZoN0yMWZl
t.me/+rfWYBJEZoN0yMWZl"
2024-08-29 10:00:46+00:00,,"BANKNIFTY NIFTY CALLS 
Â               ðŸ‘‡ðŸ‘‡
t.me/+rfWYBJEZoN0yMWZl


Free Intraday Trading CallsÂ Â Â  
Â Â Â Â Â Â Â Â Â Â Â Â Â Â Â Â Â Â Â Â  ðŸ‘‡ðŸ‘‡
t.me/+rfWYBJEZoN0yMWZl


SHARE MARKET TIPS 
               ðŸ‘‡ðŸ‘‡
t.me/+rfWYBJEZoN0yMWZl"
2024-08-29 10:00:45+00:00,,"BANKNIFTY JACKPOT CALLS 
Â Â Â Â Â Â Â Â Â Â Â Â Â Â Â Â Â  ðŸ‘‡ðŸ‘‡

t.me/+rfWYBJEZoN0yMWZl
t.me/+rfWYBJEZoN0yMWZl
t.me/+rfWYBJEZoN0yMWZl
t.me/+rfWYBJEZoN0yMWZl
t.me/+rfWYBJEZoN0yMWZl

Free Intraday Trading CallsÂ Â Â  
Â Â Â Â Â Â Â Â Â Â Â Â Â Â Â Â ðŸ‘‡ðŸ‘‡

t.me/+rfWYBJEZoN0yMWZl
t.me/+rfWYBJEZoN0yMWZl
t.me/+rfWYBJEZoN0yMWZl
t.me/+rfWYBJEZoN0yMWZl

SHARE MARKET FREE TIPS ðŸ‘‡

t.me/+rfWYBJEZoN0yMWZl
t.me/+rfWYBJEZoN0yMWZl
t.me/+rfWYBJEZoN0yMWZl
t.me/+rfWYBJEZoN0yMWZl
t.me/+rfWYBJEZoN0yMWZl"
2024-08-29 10:00:45+00:00,,"BANKNIFTY NIFTY CALLS 
Â               ðŸ‘‡ðŸ‘‡
t.me/+rfWYBJEZoN0yMWZl


Free Intraday Trading CallsÂ Â Â  
Â Â Â Â Â Â Â Â Â Â Â Â Â Â Â Â Â Â Â Â  ðŸ‘‡ðŸ‘‡
t.me/+rfWYBJEZoN0yMWZl


SHARE MARKET TIPS 
               ðŸ‘‡ðŸ‘‡
t.me/+rfWYBJEZoN0yMWZl"
2024-08-29 10:00:44+00:00,,"BANKNIFTY JACKPOT CALLS 
Â Â Â Â Â Â Â Â Â Â Â Â Â Â Â Â Â  ðŸ‘‡ðŸ‘‡

t.me/+rfWYBJEZoN0yMWZl
t.me/+rfWYBJEZoN0yMWZl
t.me/+rfWYBJEZoN0yMWZl
t.me/+rfWYBJEZoN0yMWZl
t.me/+rfWYBJEZoN0yMWZl

Free Intraday Trading CallsÂ Â Â  
Â Â Â Â Â Â Â Â Â Â Â Â Â Â Â Â ðŸ‘‡ðŸ‘‡

t.me/+rfWYBJEZoN0yMWZl
t.me/+rfWYBJEZoN0yMWZl
t.me/+rfWYBJEZoN0yMWZl
t.me/+rfWYBJEZoN0yMWZl

SHARE MARKET FREE TIPS ðŸ‘‡

t.me/+rfWYBJEZoN0yMWZl
t.me/+rfWYBJEZoN0yMWZl
t.me/+rfWYBJEZoN0yMWZl
t.me/+rfWYBJEZoN0yMWZl
t.me/+rfWYBJEZoN0yMWZl"
2024-08-29 10:00:43+00:00,,"BANKNIFTY NIFTY CALLS 
Â               ðŸ‘‡ðŸ‘‡
t.me/+rfWYBJEZoN0yMWZl


Free Intraday Trading CallsÂ Â Â  
Â Â Â Â Â Â Â Â Â Â Â Â Â Â Â Â Â Â Â Â  ðŸ‘‡ðŸ‘‡
t.me/+rfWYBJEZoN0yMWZl


SHARE MARKET TIPS 
               ðŸ‘‡ðŸ‘‡
t.me/+rfWYBJEZoN0yMWZl"
2024-08-25 08:57:25+00:00,,"* Capital formation: Companies can raise capital by selling shares to investors. This capital can be used to fund growth, research and development, and other business activities.
* Economic indicator: The stock market is often seen as a barometer of the overall economy. A rising market can signal economic growth, while a falling market can indicate economic problems.
* Investment opportunities: The stock market offers individuals and institutions the opportunity to invest in a wide range of companies and industries.

Investing in the Stock Market

Investing in the stock market can be a rewarding experience, but it also involves risks. Before investing, it's essential to do your research, understand your risk tolerance, and develop a sound investment strategy. Consider consulting with a financial advisor for personalized guidance.

Remember, the stock market is a complex and dynamic environment. It's important to stay informed about market trends, company news, and economic indicators to make informed investment decisions."
2024-08-25 08:57:25+00:00,,"The Stock Market: A Deeper Dive

While the basics of the stock market involve buying and selling shares, there are many nuances and strategies to consider.

Types of Stocks

* Common Stock: The most common type, offering voting rights and potential dividends.
* Preferred Stock: Prioritized for dividends but often without voting rights.
* Growth Stocks: Companies expected to grow rapidly, often with high valuations.
* Value Stocks: Undervalued companies with potential for future growth.
* Income Stocks: Companies known for consistent dividends.

Investment Strategies

* Buy and Hold: Investing for the long term, believing in the company's growth.
* Day Trading: Buying and selling stocks within a single trading day.
* Swing Trading: Holding stocks for a few days or weeks.
* Index Investing: Tracking a market index like the S&P 500.
* Dividend Investing: Focusing on stocks that pay regular dividends.

Risk and Return

* Risk: The potential for loss. Higher risk often means higher potential returns.
* Return: The profit or loss on an investment.
* Diversification: Spreading investments across different stocks or asset classes to reduce risk.

Market Indices

* Dow Jones Industrial Average: Tracks 30 large, blue-chip companies.
* S&P 500: Represents 500 leading companies.
* Nasdaq Composite: Focuses on technology and growth stocks.

Ethical and Sustainable Investing

* ESG (Environmental, Social, Governance): Investing in companies that prioritize sustainability and social responsibility.
* Impact Investing: Targeting investments that aim to solve social or environmental problems.

The Future of the Stock Market

With advancements in technology, the stock market continues to evolve. Automation, artificial intelligence, and blockchain technology are reshaping the industry. As an investor, staying updated on these trends can help you navigate the complexities of the market.## A Beginner's Guide to the Stock Market

The stock market, a bustling marketplace of financial instruments, plays a pivotal role in the global economy. It's where investors buy and sell shares of publicly-traded companies, hoping to profit from their growth and success. But how does it work, and why is it so important?

Understanding the Basics

At its core, the stock market is a system for facilitating the buying and selling of stocks. A stock represents a portion of ownership in a company. When you buy a stock, you're essentially becoming a part-owner of that company. If the company performs well and its stock price rises, you could make a profit by selling your shares at a higher price.

Key Players

Several key players contribute to the functioning of the stock market:

* Investors: Individuals or institutions who buy and sell stocks in hopes of making a profit.
* Brokers: Professionals who help investors buy and sell stocks. They execute trades on behalf of their clients.
* Exchanges: Organized marketplaces where stocks are bought and sold. Examples include the New York Stock Exchange (NYSE) and the Nasdaq.
* Market Makers: Individuals or firms that provide liquidity to the market by buying and selling stocks at their own risk.

How Does the Stock Market Work?

The stock market operates on the principle of supply and demand. When more people want to buy a particular stock than sell it, the price tends to rise. Conversely, if more people want to sell than buy, the price tends to fall.

Stock prices are influenced by various factors, including:

* Company performance: If a company performs well financially, its stock price is likely to rise.
* Economic conditions: The overall state of the economy can impact stock prices.
* Market sentiment: The prevailing mood among investors can influence stock prices.
* News and events: Current events and news can affect the value of specific stocks or the market as a whole.

Why is the Stock Market Important?

The stock market serves several crucial functions:"
2024-08-25 08:57:24+00:00,,"The Stock Market: A Deeper Dive

While the basics of the stock market involve buying and selling shares, there are many nuances and strategies to consider.

Types of Stocks

* Common Stock: The most common type, offering voting rights and potential dividends.
* Preferred Stock: Prioritized for dividends but often without voting rights.
* Growth Stocks: Companies expected to grow rapidly, often with high valuations.
* Value Stocks: Undervalued companies with potential for future growth.
* Income Stocks: Companies known for consistent dividends.

Investment Strategies

* Buy and Hold: Investing for the long term, believing in the company's growth.
* Day Trading: Buying and selling stocks within a single trading day.
* Swing Trading: Holding stocks for a few days or weeks.
* Index Investing: Tracking a market index like the S&P 500.
* Dividend Investing: Focusing on stocks that pay regular dividends.

Risk and Return

* Risk: The potential for loss. Higher risk often means higher potential returns.
* Return: The profit or loss on an investment.
* Diversification: Spreading investments across different stocks or asset classes to reduce risk.

Market Indices

* Dow Jones Industrial Average: Tracks 30 large, blue-chip companies.
* S&P 500: Represents 500 leading companies.
* Nasdaq Composite: Focuses on technology and growth stocks.

Ethical and Sustainable Investing

* ESG (Environmental, Social, Governance): Investing in companies that prioritize sustainability and social responsibility.
* Impact Investing: Targeting investments that aim to solve social or environmental problems.

The Future of the Stock Market

With advancements in technology, the stock market continues to evolve. Automation, artificial intelligence, and blockchain technology are reshaping the industry. As an investor, staying updated on these trends can help you navigate the complexities of the market."
2024-08-25 08:57:23+00:00,,"## A Beginner's Guide to the Stock Market

The stock market, a bustling marketplace of financial instruments, plays a pivotal role in the global economy. It's where investors buy and sell shares of publicly-traded companies, hoping to profit from their growth and success. But how does it work, and why is it so important?

Understanding the Basics

At its core, the stock market is a system for facilitating the buying and selling of stocks. A stock represents a portion of ownership in a company. When you buy a stock, you're essentially becoming a part-owner of that company. If the company performs well and its stock price rises, you could make a profit by selling your shares at a higher price.

Key Players

Several key players contribute to the functioning of the stock market:

* Investors: Individuals or institutions who buy and sell stocks in hopes of making a profit.
* Brokers: Professionals who help investors buy and sell stocks. They execute trades on behalf of their clients.
* Exchanges: Organized marketplaces where stocks are bought and sold. Examples include the New York Stock Exchange (NYSE) and the Nasdaq.
* Market Makers: Individuals or firms that provide liquidity to the market by buying and selling stocks at their own risk.

How Does the Stock Market Work?

The stock market operates on the principle of supply and demand. When more people want to buy a particular stock than sell it, the price tends to rise. Conversely, if more people want to sell than buy, the price tends to fall.

Stock prices are influenced by various factors, including:

* Company performance: If a company performs well financially, its stock price is likely to rise.
* Economic conditions: The overall state of the economy can impact stock prices.
* Market sentiment: The prevailing mood among investors can influence stock prices.
* News and events: Current events and news can affect the value of specific stocks or the market as a whole.

Why is the Stock Market Important?

The stock market serves several crucial functions:

* Capital formation: Companies can raise capital by selling shares to investors. This capital can be used to fund growth, research and development, and other business activities.
* Economic indicator: The stock market is often seen as a barometer of the overall economy. A rising market can signal economic growth, while a falling market can indicate economic problems.
* Investment opportunities: The stock market offers individuals and institutions the opportunity to invest in a wide range of companies and industries.

Investing in the Stock Market

Investing in the stock market can be a rewarding experience, but it also involves risks. Before investing, it's essential to do your research, understand your risk tolerance, and develop a sound investment strategy. Consider consulting with a financial advisor for personalized guidance.

Remember, the stock market is a complex and dynamic environment. It's important to stay informed about market trends, company news, and economic indicators to make informed investment decisions."
2024-08-25 08:57:23+00:00,,"The Stock Market: A Deeper Dive

While the basics of the stock market involve buying and selling shares, there are many nuances and strategies to consider.

Types of Stocks

* Common Stock: The most common type, offering voting rights and potential dividends.
* Preferred Stock: Prioritized for dividends but often without voting rights.
* Growth Stocks: Companies expected to grow rapidly, often with high valuations.
* Value Stocks: Undervalued companies with potential for future growth.
* Income Stocks: Companies known for consistent dividends.

Investment Strategies

* Buy and Hold: Investing for the long term, believing in the company's growth.
* Day Trading: Buying and selling stocks within a single trading day.
* Swing Trading: Holding stocks for a few days or weeks.
* Index Investing: Tracking a market index like the S&P 500.
* Dividend Investing: Focusing on stocks that pay regular dividends.

Risk and Return

* Risk: The potential for loss. Higher risk often means higher potential returns.
* Return: The profit or loss on an investment.
* Diversification: Spreading investments across different stocks or asset classes to reduce risk.

Market Indices

* Dow Jones Industrial Average: Tracks 30 large, blue-chip companies.
* S&P 500: Represents 500 leading companies.
* Nasdaq Composite: Focuses on technology and growth stocks.

Ethical and Sustainable Investing

* ESG (Environmental, Social, Governance): Investing in companies that prioritize sustainability and social responsibility.
* Impact Investing: Targeting investments that aim to solve social or environmental problems.

The Future of the Stock Market

With advancements in technology, the stock market continues to evolve. Automation, artificial intelligence, and blockchain technology are reshaping the industry. As an investor, staying updated on these trends can help you navigate the complexities of the market."
2024-08-25 08:57:22+00:00,,"## A Beginner's Guide to the Stock Market

The stock market, a bustling marketplace of financial instruments, plays a pivotal role in the global economy. It's where investors buy and sell shares of publicly-traded companies, hoping to profit from their growth and success. But how does it work, and why is it so important?

Understanding the Basics

At its core, the stock market is a system for facilitating the buying and selling of stocks. A stock represents a portion of ownership in a company. When you buy a stock, you're essentially becoming a part-owner of that company. If the company performs well and its stock price rises, you could make a profit by selling your shares at a higher price.

Key Players

Several key players contribute to the functioning of the stock market:

* Investors: Individuals or institutions who buy and sell stocks in hopes of making a profit.
* Brokers: Professionals who help investors buy and sell stocks. They execute trades on behalf of their clients.
* Exchanges: Organized marketplaces where stocks are bought and sold. Examples include the New York Stock Exchange (NYSE) and the Nasdaq.
* Market Makers: Individuals or firms that provide liquidity to the market by buying and selling stocks at their own risk.

How Does the Stock Market Work?

The stock market operates on the principle of supply and demand. When more people want to buy a particular stock than sell it, the price tends to rise. Conversely, if more people want to sell than buy, the price tends to fall.

Stock prices are influenced by various factors, including:

* Company performance: If a company performs well financially, its stock price is likely to rise.
* Economic conditions: The overall state of the economy can impact stock prices.
* Market sentiment: The prevailing mood among investors can influence stock prices.
* News and events: Current events and news can affect the value of specific stocks or the market as a whole.

Why is the Stock Market Important?

The stock market serves several crucial functions:

* Capital formation: Companies can raise capital by selling shares to investors. This capital can be used to fund growth, research and development, and other business activities.
* Economic indicator: The stock market is often seen as a barometer of the overall economy. A rising market can signal economic growth, while a falling market can indicate economic problems.
* Investment opportunities: The stock market offers individuals and institutions the opportunity to invest in a wide range of companies and industries.

Investing in the Stock Market

Investing in the stock market can be a rewarding experience, but it also involves risks. Before investing, it's essential to do your research, understand your risk tolerance, and develop a sound investment strategy. Consider consulting with a financial advisor for personalized guidance.

Remember, the stock market is a complex and dynamic environment. It's important to stay informed about market trends, company news, and economic indicators to make informed investment decisions."
2024-08-25 08:57:22+00:00,,"The Stock Market: A Deeper Dive

While the basics of the stock market involve buying and selling shares, there are many nuances and strategies to consider.

Types of Stocks

* Common Stock: The most common type, offering voting rights and potential dividends.
* Preferred Stock: Prioritized for dividends but often without voting rights.
* Growth Stocks: Companies expected to grow rapidly, often with high valuations.
* Value Stocks: Undervalued companies with potential for future growth.
* Income Stocks: Companies known for consistent dividends.

Investment Strategies

* Buy and Hold: Investing for the long term, believing in the company's growth.
* Day Trading: Buying and selling stocks within a single trading day.
* Swing Trading: Holding stocks for a few days or weeks.
* Index Investing: Tracking a market index like the S&P 500.
* Dividend Investing: Focusing on stocks that pay regular dividends.

Risk and Return

* Risk: The potential for loss. Higher risk often means higher potential returns.
* Return: The profit or loss on an investment.
* Diversification: Spreading investments across different stocks or asset classes to reduce risk.

Market Indices

* Dow Jones Industrial Average: Tracks 30 large, blue-chip companies.
* S&P 500: Represents 500 leading companies.
* Nasdaq Composite: Focuses on technology and growth stocks.

Ethical and Sustainable Investing

* ESG (Environmental, Social, Governance): Investing in companies that prioritize sustainability and social responsibility.
* Impact Investing: Targeting investments that aim to solve social or environmental problems.

The Future of the Stock Market

With advancements in technology, the stock market continues to evolve. Automation, artificial intelligence, and blockchain technology are reshaping the industry. As an investor, staying updated on these trends can help you navigate the complexities of the market."
2024-08-25 08:57:22+00:00,,"The Stock Market: A Deeper Dive

While the basics of the stock market involve buying and selling shares, there are many nuances and strategies to consider.

Types of Stocks

* Common Stock: The most common type, offering voting rights and potential dividends.
* Preferred Stock: Prioritized for dividends but often without voting rights.
* Growth Stocks: Companies expected to grow rapidly, often with high valuations.
* Value Stocks: Undervalued companies with potential for future growth.
* Income Stocks: Companies known for consistent dividends.

Investment Strategies

* Buy and Hold: Investing for the long term, believing in the company's growth.
* Day Trading: Buying and selling stocks within a single trading day.
* Swing Trading: Holding stocks for a few days or weeks.
* Index Investing: Tracking a market index like the S&P 500.
* Dividend Investing: Focusing on stocks that pay regular dividends.

Risk and Return

* Risk: The potential for loss. Higher risk often means higher potential returns.
* Return: The profit or loss on an investment.
* Diversification: Spreading investments across different stocks or asset classes to reduce risk.

Market Indices

* Dow Jones Industrial Average: Tracks 30 large, blue-chip companies.
* S&P 500: Represents 500 leading companies.
* Nasdaq Composite: Focuses on technology and growth stocks.

Ethical and Sustainable Investing

* ESG (Environmental, Social, Governance): Investing in companies that prioritize sustainability and social responsibility.
* Impact Investing: Targeting investments that aim to solve social or environmental problems.

The Future of the Stock Market

With advancements in technology, the stock market continues to evolve. Automation, artificial intelligence, and blockchain technology are reshaping the industry. As an investor, staying updated on these trends can help you navigate the complexities of the market."
2024-08-25 08:57:21+00:00,,"The Stock Market: A Deeper Dive

While the basics of the stock market involve buying and selling shares, there are many nuances and strategies to consider.

Types of Stocks

* Common Stock: The most common type, offering voting rights and potential dividends.
* Preferred Stock: Prioritized for dividends but often without voting rights.
* Growth Stocks: Companies expected to grow rapidly, often with high valuations.
* Value Stocks: Undervalued companies with potential for future growth.
* Income Stocks: Companies known for consistent dividends.

Investment Strategies

* Buy and Hold: Investing for the long term, believing in the company's growth.
* Day Trading: Buying and selling stocks within a single trading day.
* Swing Trading: Holding stocks for a few days or weeks.
* Index Investing: Tracking a market index like the S&P 500.
* Dividend Investing: Focusing on stocks that pay regular dividends.

Risk and Return

* Risk: The potential for loss. Higher risk often means higher potential returns.
* Return: The profit or loss on an investment.
* Diversification: Spreading investments across different stocks or asset classes to reduce risk.

Market Indices

* Dow Jones Industrial Average: Tracks 30 large, blue-chip companies.
* S&P 500: Represents 500 leading companies.
* Nasdaq Composite: Focuses on technology and growth stocks.

Ethical and Sustainable Investing

* ESG (Environmental, Social, Governance): Investing in companies that prioritize sustainability and social responsibility.
* Impact Investing: Targeting investments that aim to solve social or environmental problems.

The Future of the Stock Market

With advancements in technology, the stock market continues to evolve. Automation, artificial intelligence, and blockchain technology are reshaping the industry. As an investor, staying updated on these trends can help you navigate the complexities of the market."
2024-08-25 08:57:20+00:00,,"## A Beginner's Guide to the Stock Market

The stock market, a bustling marketplace of financial instruments, plays a pivotal role in the global economy. It's where investors buy and sell shares of publicly-traded companies, hoping to profit from their growth and success. But how does it work, and why is it so important?

Understanding the Basics

At its core, the stock market is a system for facilitating the buying and selling of stocks. A stock represents a portion of ownership in a company. When you buy a stock, you're essentially becoming a part-owner of that company. If the company performs well and its stock price rises, you could make a profit by selling your shares at a higher price.

Key Players

Several key players contribute to the functioning of the stock market:

* Investors: Individuals or institutions who buy and sell stocks in hopes of making a profit.
* Brokers: Professionals who help investors buy and sell stocks. They execute trades on behalf of their clients.
* Exchanges: Organized marketplaces where stocks are bought and sold. Examples include the New York Stock Exchange (NYSE) and the Nasdaq.
* Market Makers: Individuals or firms that provide liquidity to the market by buying and selling stocks at their own risk.

How Does the Stock Market Work?

The stock market operates on the principle of supply and demand. When more people want to buy a particular stock than sell it, the price tends to rise. Conversely, if more people want to sell than buy, the price tends to fall.

Stock prices are influenced by various factors, including:

* Company performance: If a company performs well financially, its stock price is likely to rise.
* Economic conditions: The overall state of the economy can impact stock prices.
* Market sentiment: The prevailing mood among investors can influence stock prices.
* News and events: Current events and news can affect the value of specific stocks or the market as a whole.

Why is the Stock Market Important?

The stock market serves several crucial functions:

* Capital formation: Companies can raise capital by selling shares to investors. This capital can be used to fund growth, research and development, and other business activities.
* Economic indicator: The stock market is often seen as a barometer of the overall economy. A rising market can signal economic growth, while a falling market can indicate economic problems.
* Investment opportunities: The stock market offers individuals and institutions the opportunity to invest in a wide range of companies and industries.

Investing in the Stock Market

Investing in the stock market can be a rewarding experience, but it also involves risks. Before investing, it's essential to do your research, understand your risk tolerance, and develop a sound investment strategy. Consider consulting with a financial advisor for personalized guidance.

Remember, the stock market is a complex and dynamic environment. It's important to stay informed about market trends, company news, and economic indicators to make informed investment decisions."
2024-08-25 08:57:20+00:00,,"The Stock Market: A Deeper Dive

While the basics of the stock market involve buying and selling shares, there are many nuances and strategies to consider.

Types of Stocks

* Common Stock: The most common type, offering voting rights and potential dividends.
* Preferred Stock: Prioritized for dividends but often without voting rights.
* Growth Stocks: Companies expected to grow rapidly, often with high valuations.
* Value Stocks: Undervalued companies with potential for future growth.
* Income Stocks: Companies known for consistent dividends.

Investment Strategies

* Buy and Hold: Investing for the long term, believing in the company's growth.
* Day Trading: Buying and selling stocks within a single trading day.
* Swing Trading: Holding stocks for a few days or weeks.
* Index Investing: Tracking a market index like the S&P 500.
* Dividend Investing: Focusing on stocks that pay regular dividends.

Risk and Return

* Risk: The potential for loss. Higher risk often means higher potential returns.
* Return: The profit or loss on an investment.
* Diversification: Spreading investments across different stocks or asset classes to reduce risk.

Market Indices

* Dow Jones Industrial Average: Tracks 30 large, blue-chip companies.
* S&P 500: Represents 500 leading companies.
* Nasdaq Composite: Focuses on technology and growth stocks.

Ethical and Sustainable Investing

* ESG (Environmental, Social, Governance): Investing in companies that prioritize sustainability and social responsibility.
* Impact Investing: Targeting investments that aim to solve social or environmental problems.

The Future of the Stock Market

With advancements in technology, the stock market continues to evolve. Automation, artificial intelligence, and blockchain technology are reshaping the industry. As an investor, staying updated on these trends can help you navigate the complexities of the market."
2024-08-25 08:57:19+00:00,,"## A Beginner's Guide to the Stock Market

The stock market, a bustling marketplace of financial instruments, plays a pivotal role in the global economy. It's where investors buy and sell shares of publicly-traded companies, hoping to profit from their growth and success. But how does it work, and why is it so important?

Understanding the Basics

At its core, the stock market is a system for facilitating the buying and selling of stocks. A stock represents a portion of ownership in a company. When you buy a stock, you're essentially becoming a part-owner of that company. If the company performs well and its stock price rises, you could make a profit by selling your shares at a higher price.

Key Players

Several key players contribute to the functioning of the stock market:

* Investors: Individuals or institutions who buy and sell stocks in hopes of making a profit.
* Brokers: Professionals who help investors buy and sell stocks. They execute trades on behalf of their clients.
* Exchanges: Organized marketplaces where stocks are bought and sold. Examples include the New York Stock Exchange (NYSE) and the Nasdaq.
* Market Makers: Individuals or firms that provide liquidity to the market by buying and selling stocks at their own risk.

How Does the Stock Market Work?

The stock market operates on the principle of supply and demand. When more people want to buy a particular stock than sell it, the price tends to rise. Conversely, if more people want to sell than buy, the price tends to fall.

Stock prices are influenced by various factors, including:

* Company performance: If a company performs well financially, its stock price is likely to rise.
* Economic conditions: The overall state of the economy can impact stock prices.
* Market sentiment: The prevailing mood among investors can influence stock prices.
* News and events: Current events and news can affect the value of specific stocks or the market as a whole.

Why is the Stock Market Important?

The stock market serves several crucial functions:

* Capital formation: Companies can raise capital by selling shares to investors. This capital can be used to fund growth, research and development, and other business activities.
* Economic indicator: The stock market is often seen as a barometer of the overall economy. A rising market can signal economic growth, while a falling market can indicate economic problems.
* Investment opportunities: The stock market offers individuals and institutions the opportunity to invest in a wide range of companies and industries.

Investing in the Stock Market

Investing in the stock market can be a rewarding experience, but it also involves risks. Before investing, it's essential to do your research, understand your risk tolerance, and develop a sound investment strategy. Consider consulting with a financial advisor for personalized guidance.

Remember, the stock market is a complex and dynamic environment. It's important to stay informed about market trends, company news, and economic indicators to make informed investment decisions."
